"","x"
"1","Ricinus_communis"
"2","Tabebuia_heterophylla"
"3","Azadirachta_indica"
"4","Lawsonia_inermis"
"5","Albizia_lebbeck"
"6","Leucaena_leucocephala"
"7","Moringa_oleifera"
"8","Calotropis_procera"
"9","Tecoma_stans"
"10","Parkinsonia_aculeata"
"11","Inga_affinis"
"12","Funtumia_africana"
"13","Senna_alata"
"14","Melia_azedarach"
"15","Solanum_betaceum"
"16","Cinnamomum_burmanni"
"17","Haematoxylum_campechianum"
"18","Vernicia_cordata"
"19","Jatropha_curcas"
"20","Acacia_decurrens"
"21","Inga_edulis"
"22","Duranta_erecta"
"23","Acacia_farnesiana"
"24","Cassia_fistula"
"25","Pachira_glabra"
"26","Psidium_guineense"
"27","Flacourtia_indica"
"28","Mangifera_indica"
"29","Acacia_melanoxylon"
"30","Schinus_molle"
"31","Bauhinia_monandra"
"32","Jatropha_multifida"
"33","Anacardium_occidentale"
"34","Bixa_orellana"
"35","Carica_papaya"
"36","Adenanthera_pavonina"
"37","Caesalpinia_pulcherrima"
"38","Euphorbia_pulcherrima"
"39","Delonix_regia"
"40","Acacia_saligna"
"41","Sapindus_saponaria"
"42","Mimosa_scabrella"
"43","Senna_septemtrionalis"
"44","Senna_spectabilis"
"45","Millettia_thonningii"
"46","Ailanthus_altissima"
"47","Elaeagnus_angustifolia"
"48","Prunus_armeniaca"
"49","Salix_babylonica"
"50","Ficus_carica"
"51","Prunus_cerasus"
"52","Cedrus_deodara"
"53","Prunus_dulcis"
"54","Bougainvillea_glabra"
"55","Punica_granatum"
"56","Acer_negundo"
"57","Morus_nigra"
"58","Pinus_pinea"
"59","Cupressus_sempervirens"
"60","Aralia_spinosa"
"61","Nicotiana_glauca"
"62","Tamarix_aphylla"
"63","Prosopis_juliflora"
"64","Opuntia_monacantha"
"65","Rhamnus_alaternus"
"66","Erica_arborea"
"67","Pinus_canariensis"
"68","Euphorbia_dendroides"
"69","Casuarina_glauca"
"70","Eucalyptus_gomphocephala"
"71","Pinus_halepensis"
"72","Cylindropuntia_imbricata"
"73","Populus_nigra"
"74","Tamarix_parviflora"
"75","Cylindropuntia_prolifera"
"76","Coprosma_repens"
"77","Austrocylindropuntia_subulata"
"78","Prunus_cerasifera"
"79","Cupressus_macrocarpa"
"80","Robinia_pseudoacacia"
"81","Cercis_siliquastrum"
"82","Cylindropuntia_spinosior"
"83","Populus_alba"
"84","Acacia_baileyana"
"85","Leptospermum_laevigatum"
"86","Hakea_laurina"
"87","Pinus_nigra"
"88","Cestrum_parqui"
"89","Pinus_pinaster"
"90","Pinus_radiata"
"91","Pittosporum_undulatum"
"92","Pinus_ponderosa"
"93","Tamarix_ramosissima"
"94","Juglans_regia"
"95","Crataegus_azarolus"
"96","Dovyalis_caffra"
"97","Corymbia_calophylla"
"98","Anagyris_foetida"
"99","Crataegus_monogyna"
"100","Cydonia_oblonga"
"101","Quercus_robur"
"102","Photinia_serratifolia"
"103","Pyracantha_angustifolia"
"104","Melianthus_comosus"
"105","Quercus_ilex"
"106","Senna_multiglandulosa"
"107","Psoralea_pinnata"
"108","Noltea_africana"
"109","Ilex_aquifolium"
"110","Prunus_avium"
"111","Pyrus_calleryana"
"112","Carpinus_caroliniana"
"113","Eucalyptus_cinerea"
"114","Salix_cinerea"
"115","Hakea_cucullata"
"116","Kunzea_ericoides"
"117","Corymbia_ficifolia"
"118","Acacia_fimbriata"
"119","Acacia_floribunda"
"120","Cupressus_goveniana"
"121","Ceratopetalum_gummiferum"
"122","Melaleuca_hypericifolia"
"123","Pyracantha_koidzumii"
"124","Prunus_laurocerasus"
"125","Prunus_lusitanica"
"126","Corymbia_maculata"
"127","Buddleja_madagascariensis"
"128","Sambucus_nigra"
"129","Quercus_palustris"
"130","Crataegus_phaenopyrum"
"131","Acacia_podalyriifolia"
"132","Acer_pseudoplatanus"
"133","Prunus_salicina"
"134","Eucalyptus_saligna"
"135","Gleditsia_triacanthos"
"136","Dodonaea_viscosa"
"137","Acacia_pycnantha"
"138","Schinus_terebinthifolia"
"139","Prosopis_glandulosa"
"140","Prosopis_pallida"
"141","Jatropha_gossypiifolia"
"142","Melochia_pyramidata"
"143","Portulacaria_afra"
"144","Tamarindus_indica"
"145","Casuarina_equisetifolia"
"146","Cinnamomum_camphora"
"147","Eucalyptus_cladocalyx"
"148","Callitris_columellaris"
"149","Acacia_dealbata"
"150","Hibiscus_diversifolius"
"151","Acacia_elata"
"152","Eriobotrya_japonica"
"153","Syringa_vulgaris"
"154","Gliricidia_sepium"
"155","Euphorbia_tirucalli"
"156","Ficus_benjamina"
"157","Eucalyptus_botryoides"
"158","Salix_humboldtiana"
"159","Melaleuca_linariifolia"
"160","Eucalyptus_polyanthemos"
"161","Grewia_asiatica"
"162","Annona_squamosa"
"163","Crotalaria_agatiflora"
"164","Eucalyptus_microcorys"
"165","Pinus_palustris"
"166","Sequoia_sempervirens"
"167","Picea_abies"
"168","Clethra_alnifolia"
"169","Alnus_cordata"
"170","Pterocarya_fraxinifolia"
"171","Tamarix_gallica"
"172","Mespilus_germanica"
"173","Baccharis_halimifolia"
"174","Aesculus_hippocastanum"
"175","Cotoneaster_horizontalis"
"176","Alnus_incana"
"177","Berberis_julianae"
"178","Euonymus_latifolius"
"179","Pseudotsuga_menziesii"
"180","Ligustrum_ovalifolium"
"181","Catalpa_ovata"
"182","Fraxinus_pennsylvanica"
"183","Staphylea_pinnata"
"184","Quercus_rubra"
"185","Acer_saccharinum"
"186","Castanea_sativa"
"187","Cornus_sericea"
"188","Prunus_serotina"
"189","Pinus_sylvestris"
"190","Ptelea_trifoliata"
"191","Photinia_villosa"
"192","Solanum_erianthum"
"193","Cordia_myxa"
"194","Ceiba_pentandra"
"195","Morus_alba"
"196","Populus_deltoides"
"197","Elaeagnus_multiflora"
"198","Koelreuteria_paniculata"
"199","Broussonetia_papyrifera"
"200","Schefflera_actinophylla"
"201","Cestrum_diurnum"
"202","Psidium_guajava"
"203","Casuarina_junghuhniana"
"204","Thespesia_populnea"
"205","Albizia_procera"
"206","Melaleuca_quinquenervia"
"207","Acacia_salicina"
"208","Eugenia_uniflora"
"209","Manilkara_zapota"
"210","Syzygium_cumini"
"211","Casuarina_cunninghamiana"
"212","Sesbania_grandiflora"
"213","Melaleuca_leucadendra"
"214","Acacia_mangium"
"215","Sterculia_apetala"
"216","Prunus_caroliniana"
"217","Pimenta_dioica"
"218","Noronhia_emarginata"
"219","Ligustrum_lucidum"
"220","Podocarpus_macrophyllus"
"221","Cestrum_nocturnum"
"222","Tabebuia_pallida"
"223","Murraya_paniculata"
"224","Ficus_retusa"
"225","Pittosporum_tenuifolium"
"226","Artocarpus_altilis"
"227","Tilesia_baccata"
"228","Gossypium_barbadense"
"229","Theobroma_cacao"
"230","Sambucus_canadensis"
"231","Artocarpus_heterophyllus"
"232","Brugmansia_suaveolens"
"233","Clibadium_surinamense"
"234","Pithecellobium_dulce"
"235","Mammea_americana"
"236","Acacia_auriculiformis"
"237","Coffea_liberica"
"238","Syzygium_malaccense"
"239","Grevillea_banksii"
"240","Mimosa_caesalpiniifolia"
"241","Hovenia_dulcis"
"242","Clitoria_fairchildiana"
"243","Acacia_holosericea"
"244","Syzygium_jambos"
"245","Clusia_rosea"
"246","Sesbania_sesban"
"247","Aleurites_moluccanus"
"248","Pinus_caribaea"
"249","Acacia_longifolia"
"250","Swietenia_macrophylla"
"251","Pinus_oocarpa"
"252","Schizolobium_parahyba"
"253","Toona_ciliata"
"254","Hura_crepitans"
"255","Pinus_elliottii"
"256","Sterculia_foetida"
"257","Grevillea_robusta"
"258","Eugenia_wullschlaegeliana"
"259","Eucalyptus_robusta"
"260","Pinus_taeda"
"261","Tephrosia_vogelii"
"262","Coffea_canephora"
"263","Acacia_mearnsii"
"264","Coffea_arabica"
"265","Pinus_clausa"
"266","Pinus_glabra"
"267","Ligustrum_japonicum"
"268","Cupressus_lusitanica"
"269","Senna_macranthera"
"270","Pinus_maximinoi"
"271","Pinus_pseudostrobus"
"272","Ficus_microcarpa"
"273","Ligustrum_sinense"
"274","Cinnamomum_verum"
"275","Brachylaena_discolor"
"276","Erythrina_abyssinica"
"277","Sesbania_bispinosa"
"278","Phytolacca_dioica"
"279","Cereus_jamacaru"
"280","Dalbergia_sissoo"
"281","Caragana_arborescens"
"282","Sorbus_aucuparia"
"283","Rhamnus_cathartica"
"284","Salix_daphnoides"
"285","Salix_pentandra"
"286","Juglans_ailantifolia"
"287","Shepherdia_argentea"
"288","Corylus_avellana"
"289","Tamarix_chinensis"
"290","Castanea_dentata"
"291","Fraxinus_excelsior"
"292","Ulmus_glabra"
"293","Sorbus_intermedia"
"294","Prunus_padus"
"295","Betula_pendula"
"296","Acer_platanoides"
"297","Ulmus_pumila"
"298","Morus_rubra"
"299","Catalpa_speciosa"
"300","Prunus_spinosa"
"301","Frangula_alnus"
"302","Tilia_cordata"
"303","Euonymus_europaeus"
"304","Sorbus_hybrida"
"305","Prunus_nigra"
"306","Tilia_platyphyllos"
"307","Malus_prunifolia"
"308","Salix_purpurea"
"309","Salix_viminalis"
"310","Robinia_viscosa"
"311","Pinus_banksiana"
"312","Prunus_domestica"
"313","Alnus_glutinosa"
"314","Fagus_sylvatica"
"315","Quercus_bicolor"
"316","Larix_decidua"
"317","Robinia_hispida"
"318","Chaenomeles_japonica"
"319","Crataegus_punctata"
"320","Picea_pungens"
"321","Pinus_rigida"
"322","Salix_triandra"
"323","Salix_atrocinerea"
"324","Catalpa_bignonioides"
"325","Acer_campestre"
"326","Cotinus_coggygria"
"327","Aralia_elata"
"328","Salix_euxina"
"329","Cladrastis_kentukea"
"330","Crataegus_laevigata"
"331","Pinus_mugo"
"332","Salix_myrsinifolia"
"333","Hydrangea_paniculata"
"334","Ulmus_parvifolia"
"335","Maclura_pomifera"
"336","Syringa_reticulata"
"337","Rhamnus_davurica"
"338","Salix_eriocephala"
"339","Euonymus_atropurpureus"
"340","Juglans_nigra"
"341","Thuja_occidentalis"
"342","Cotoneaster_racemiflorus"
"343","Syringa_villosa"
"344","Tilia_americana"
"345","Laurus_nobilis"
"346","Erythrina_corallodendron"
"347","Ulmus_laevis"
"348","Pinus_thunbergii"
"349","Deutzia_crenata"
"350","Annona_glabra"
"351","Muntingia_calabura"
"352","Solanum_chrysotrichum"
"353","Manihot_esculenta"
"354","Plumeria_rubra"
"355","Codiaeum_variegatum"
"356","Sonneratia_apetala"
"357","Mimosa_bimucronata"
"358","Ochrosia_elliptica"
"359","Morinda_lucida"
"360","Euphorbia_milii"
"361","Euphorbia_neriifolia"
"362","Tabernaemontana_pandacaqui"
"363","Rauvolfia_tetraphylla"
"364","Cinchona_calisaya"
"365","Mussaenda_erythrophylla"
"366","Cinchona_officinalis"
"367","Solanum_wrightii"
"368","Ardisia_elliptica"
"369","Flacourtia_jangomas"
"370","Annona_muricata"
"371","Araucaria_columnaris"
"372","Acacia_crassicarpa"
"373","Araucaria_cunninghamii"
"374","Pimenta_racemosa"
"375","Dovyalis_hebecarpa"
"376","Cerbera_odollam"
"377","Erythrina_subumbrans"
"378","Ximenia_americana"
"379","Clerodendrum_chinense"
"380","Cecropia_pachystachya"
"381","Leptospermum_scoparium"
"382","Fuchsia_boliviana"
"383","Fraxinus_chinensis"
"384","Eucalyptus_grandis"
"385","Pinus_patula"
"386","Eucalyptus_tereticornis"
"387","Cordia_sebestena"
"388","Faidherbia_albida"
"389","Tetraclinis_articulata"
"390","Albizia_julibrissin"
"391","Acacia_ligulata"
"392","Corylus_maxima"
"393","Liquidambar_styraciflua"
"394","Populus_balsamifera"
"395","Elaeagnus_commutata"
"396","Salix_melanopsis"
"397","Pinus_strobus"
"398","Prosopis_chilensis"
"399","Abies_alba"
"400","Sorbus_aria"
"401","Pinus_contorta"
"402","Picea_glauca"
"403","Abies_grandis"
"404","Populus_laurifolia"
"405","Chamaecyparis_lawsoniana"
"406","Abies_nordmanniana"
"407","Sambucus_racemosa"
"408","Picea_sitchensis"
"409","Populus_trichocarpa"
"410","Pinus_uncinata"
"411","Barringtonia_asiatica"
"412","Miconia_calvescens"
"413","Morinda_citrifolia"
"414","Bertholletia_excelsa"
"415","Couroupita_guianensis"
"416","Pachira_insignis"
"417","Cassia_javanica"
"418","Copaifera_officinalis"
"419","Bauhinia_acuminata"
"420","Gossypium_arboreum"
"421","Cedrus_atlantica"
"422","Euphorbia_candelabrum"
"423","Castanea_crenata"
"424","Pyracantha_crenulata"
"425","Acacia_cyclops"
"426","Olea_europaea"
"427","Sequoiadendron_giganteum"
"428","Eucalyptus_gunnii"
"429","Myoporum_insulare"
"430","Styphnolobium_japonicum"
"431","Diospyros_kaki"
"432","Myoporum_laetum"
"433","Paraserianthes_lophantha"
"434","Jacaranda_mimosifolia"
"435","Chrysanthemoides_monilifera"
"436","Picea_omorika"
"437","Acacia_retinodes"
"438","Eucalyptus_sideroxylon"
"439","Pterocarya_stenoptera"
"440","Paulownia_tomentosa"
"441","Abies_fraseri"
"442","Thuja_plicata"
"443","Abies_sibirica"
"444","Larix_sibirica"
"445","Populus_suaveolens"
"446","Acer_tataricum"
"447","Amelanchier_alnifolia"
"448","Abies_balsamea"
"449","Amelanchier_laevis"
"450","Prunus_virginiana"
"451","Diospyros_lotus"
"452","Platanus_orientalis"
"453","Abies_pinsapo"
"454","Ceratonia_siliqua"
"455","Myoporum_tenuifolium"
"456","Tilia_tomentosa"
"457","Sorbus_torminalis"
"458","Arbutus_andrachne"
"459","Quercus_canariensis"
"460","Acer_cappadocicum"
"461","Tsuga_heterophylla"
"462","Euonymus_japonicus"
"463","Larix_kaempferi"
"464","Platanus_occidentalis"
"465","Styrax_officinalis"
"466","Platycladus_orientalis"
"467","Hakea_salicifolia"
"468","Hakea_sericea"
"469","Solanum_anguivi"
"470","Calophyllum_inophyllum"
"471","Peltophorum_pterocarpum"
"472","Solanum_rudepannum"
"473","Vitex_trifolia"
"474","Salix_acutifolia"
"475","Genista_aetnensis"
"476","Buddleja_alternifolia"
"477","Luma_apiculata"
"478","Araucaria_araucana"
"479","Olearia_avicenniifolia"
"480","Spiraea_canescens"
"481","Abies_cephalonica"
"482","Oemleria_cerasiformis"
"483","Aralia_chinensis"
"484","Crataegus_coccinioides"
"485","Rhus_coriaria"
"486","Pittosporum_crassifolium"
"487","Photinia_davidiana"
"488","Cotoneaster_ellipticus"
"489","Cotoneaster_frigidus"
"490","Malus_hupehensis"
"491","Prunus_incisa"
"492","Aesculus_indica"
"493","Cryptomeria_japonica"
"494","Leptospermum_lanigerum"
"495","Kalmia_latifolia"
"496","Sorbus_latifolia"
"497","Griselinia_littoralis"
"498","Cornus_mas"
"499","Nothofagus_obliqua"
"500","Crataegus_orientalis"
"501","Prunus_pensylvanica"
"502","Crataegus_persimilis"
"503","Chamaecyparis_pisifera"
"504","Hoheria_populnea"
"505","Abies_procera"
"506","Eucalyptus_pulchella"
"507","Brachyglottis_repanda"
"508","Viburnum_rhytidophyllum"
"509","Crataegus_submollis"
"510","Olearia_traversii"
"511","Eucalyptus_urnigera"
"512","Eucalyptus_viminalis"
"513","Pinus_wallichiana"
"514","Prunus_serrulata"
"515","Alnus_rubra"
"516","Sorbus_mougeotii"
"517","Pinus_peuce"
"518","Terminalia_arjuna"
"519","Senna_bacillaris"
"520","Myroxylon_balsamum"
"521","Capraria_biflora"
"522","Eucalyptus_deglupta"
"523","Breynia_disticha"
"524","Leucaena_diversifolia"
"525","Ficus_elastica"
"526","Polyscias_fruticosa"
"527","Tectona_grandis"
"528","Millingtonia_hortensis"
"529","Dillenia_indica"
"530","Lagerstroemia_indica"
"531","Alchornea_latifolia"
"532","Terminalia_mantaly"
"533","Cedrela_odorata"
"534","Cananga_odorata"
"535","Mimosa_quadrivalvis"
"536","Cecropia_schreberiana"
"537","Senna_surattensis"
"538","Croton_tiglium"
"539","Garcinia_xanthochymus"
"540","Polyscias_guilfoylei"
"541","Adenium_obesum"
"542","Colvillea_racemosa"
"543","Piper_aduncum"
"544","Fuchsia_arborescens"
"545","Morus_australis"
"546","Melaleuca_cajuputi"
"547","Juniperus_chinensis"
"548","Scolopia_chinensis"
"549","Excoecaria_cochinchinensis"
"550","Lannea_coromandelica"
"551","Crescentia_cujete"
"552","Bocconia_frutescens"
"553","Senna_fruticosa"
"554","Bruguiera_gymnorhiza"
"555","Solanum_jamaicense"
"556","Aegle_marmelos"
"557","Senna_multijuga"
"558","Alnus_nepalensis"
"559","Burckella_obovata"
"560","Schleichera_oleosa"
"561","Diospyros_philippinensis"
"562","Euphorbia_plumerioides"
"563","Cinchona_pubescens"
"564","Pouteria_sapota"
"565","Ceriops_tagal"
"566","Salix_tetrasperma"
"567","Euphorbia_trigona"
"568","Canarium_vulgare"
"569","Ulmus_minor"
"570","Malus_sylvestris"
"571","Callitris_rhomboidea"
"572","Pinus_brutia"
"573","Ficus_religiosa"
"574","Acacia_sclerosperma"
"575","Acacia_victoriae"
"576","Tamarix_africana"
"577","Solanum_giganteum"
"578","Elaeagnus_pungens"
"579","Ficus_watkinsiana"
"580","Taxus_baccata"
"581","Acer_buergerianum"
"582","Clerodendrum_bungei"
"583","Ixora_chinensis"
"584","Acacia_confusa"
"585","Alnus_fauriei"
"586","Clerodendrum_japonicum"
"587","Bischofia_javanica"
"588","Pinus_luchuensis"
"589","Alnus_sieboldiana"
"590","Asimina_triloba"
"591","Coccoloba_uvifera"
"592","Erythrina_variegata"
"593","Buxus_sempervirens"
"594","Desmodium_cajanifolium"
"595","Pittosporum_ferrugineum"
"596","Andira_inermis"
"597","Sandoricum_koetjape"
"598","Sesbania_macrantha"
"599","Alstonia_macrophylla"
"600","Fuchsia_regia"
"601","Cochlospermum_religiosum"
"602","Erythrophleum_suaveolens"
"603","Dillenia_suffruticosa"
"604","Melochia_umbellata"
"605","Indigofera_zollingeriana"
"606","Cupressus_arizonica"
"607","Salix_lasiandra"
"608","Eucalyptus_lehmannii"
"609","Eucalyptus_macarthurii"
"610","Eucalyptus_melliodora"
"611","Eucalyptus_nitens"
"612","Sesbania_punicea"
"613","Pinus_roxburghii"
"614","Eucalyptus_rubida"
"615","Juglans_cinerea"
"616","Malus_toringo"
"617","Fraxinus_angustifolia"
"618","Carpinus_betulus"
"619","Abies_concolor"
"620","Crataegus_flabellata"
"621","Robinia_neomexicana"
"622","Annona_cherimola"
"623","Senna_pendula"
"624","Ilex_vomitoria"
"625","Prosopis_velutina"
"626","Lophostemon_confertus"
"627","Albizia_coriaria"
"628","Castanospermum_australe"
"629","Senna_didymobotrya"
"630","Pterocarpus_rotundifolius"
"631","Widdringtonia_schwarzii"
"632","Senna_singueana"
"633","Macadamia_ternifolia"
"634","Eucalyptus_resinifera"
"635","Plumeria_alba"
"636","Genipa_americana"
"637","Gossypium_aridum"
"638","Syzygium_aromaticum"
"639","Juniperus_barbadensis"
"640","Averrhoa_bilimbi"
"641","Parmentiera_cereifera"
"642","Hymenaea_courbaril"
"643","Eucalyptus_crebra"
"644","Agathis_dammara"
"645","Taxodium_distichum"
"646","Ficus_erecta"
"647","Picrasma_excelsa"
"648","Cupressus_funebris"
"649","Araucaria_heterophylla"
"650","Carya_illinoinensis"
"651","Ipomoea_intrapilosa"
"652","Parkia_javanica"
"653","Eucalyptus_leucoxylon"
"654","Syzygium_paniculatum"
"655","Piscidia_piscipula"
"656","Aphanamixis_polystachya"
"657","Putranjiva_roxburghii"
"658","Hibiscus_schizopetalus"
"659","Eucalyptus_siderophloia"
"660","Pavonia_spinifex"
"661","Juniperus_thurifera"
"662","Gossypium_trilobum"
"663","Swietenia_mahagoni"
"664","Murraya_koenigii"
"665","Quercus_pyrenaica"
"666","Gleditsia_australis"
"667","Pinus_cembra"
"668","Malus_floribunda"
"669","Crataegus_sanguinea"
"670","Stereospermum_chelonoides"
"671","Leucadendron_argenteum"
"672","Cestrum_aurantiacum"
"673","Syzygium_australe"
"674","Escallonia_bifida"
"675","Maytenus_boaria"
"676","Erica_caffra"
"677","Spiraea_cantoniensis"
"678","Embothrium_coccineum"
"679","Eucalyptus_eugenioides"
"680","Eucalyptus_fastigata"
"681","Baloghia_inophylla"
"682","Banksia_integrifolia"
"683","Azara_microphylla"
"684","Pinus_muricata"
"685","Eucalyptus_obliqua"
"686","Fraxinus_ornus"
"687","Eucalyptus_ovata"
"688","Acacia_paradoxa"
"689","Acacia_parramattensis"
"690","Eucalyptus_pilularis"
"691","Idesia_polycarpa"
"692","Homalanthus_populifolius"
"693","Frangula_purshiana"
"694","Eucalyptus_regnans"
"695","Ficus_rubiginosa"
"696","Brugmansia_sanguinea"
"697","Ochna_serrulata"
"698","Eucalyptus_tenuiramis"
"699","Macadamia_tetraphylla"
"700","Clerodendrum_trichotomum"
"701","Acacia_verticillata"
"702","Populus_yunnanensis"
"703","Sophora_microphylla"
"704","Ardisia_solanacea"
"705","Syzygium_syzygioides"
"706","Parmentiera_aculeata"
"707","Kigelia_africana"
"708","Crescentia_alata"
"709","Quassia_amara"
"710","Brunfelsia_americana"
"711","Diospyros_andamanica"
"712","Syzygium_aqueum"
"713","Callerya_atropurpurea"
"714","Araucaria_bidwillii"
"715","Neolamarckia_cadamba"
"716","Pouteria_campechiana"
"717","Carissa_carandas"
"718","Cynometra_cauliflora"
"719","Musanga_cecropioides"
"720","Malpighia_coccigera"
"721","Dalbergia_cochinchinensis"
"722","Enterolobium_cyclocarpum"
"723","Adansonia_digitata"
"724","Tabernaemontana_divaricata"
"725","Diospyros_ehretioides"
"726","Castilla_elastica"
"727","Phyllanthus_emblica"
"728","Ixora_finlaysoniana"
"729","Lagerstroemia_floribunda"
"730","Cordia_gerascanthus"
"731","Artocarpus_gomezianus"
"732","Brownea_grandiceps"
"733","Calliandra_haematocephala"
"734","Cereus_hexagonus"
"735","Chrysobalanus_icaco"
"736","Canarium_indicum"
"737","Clerodendrum_indicum"
"738","Artocarpus_integer"
"739","Garcinia_intermedia"
"740","Manilkara_kauki"
"741","Ochna_kirkii"
"742","Dalbergia_latifolia"
"743","Inga_laurina"
"744","Posoqueria_longiflora"
"745","Catalpa_longissima"
"746","Lagerstroemia_loudonii"
"747","Hibiscus_macrophyllus"
"748","Pterocarpus_marsupium"
"749","Adenanthera_microsperma"
"750","Castanea_mollissima"
"751","Amherstia_nobilis"
"752","Erythroxylum_novogranatense"
"753","Aglaia_odorata"
"754","Chrysophyllum_oliviforme"
"755","Gardenia_philastrei"
"756","Ochroma_pyramidale"
"757","Pyrus_pyrifolia"
"758","Annona_reticulata"
"759","Camellia_sinensis"
"760","Inga_spectabilis"
"761","Lagerstroemia_subcostata"
"762","Cupressus_torulosa"
"763","Guazuma_ulmifolia"
"764","Diospyros_virginiana"
"765","Durio_zibethinus"
"766","Cnidoscolus_aconitifolius"
"767","Cola_acuminata"
"768","Albizia_adinocephala"
"769","Ceiba_aesculifolia"
"770","Khaya_anthotheca"
"771","Jacquinia_arborea"
"772","Malvaviscus_arboreus"
"773","Tabebuia_aurea"
"774","Melicoccus_bijugatus"
"775","Brasiliopuntia_brasiliensis"
"776","Pera_bumeliifolia"
"777","Albizia_carbonaria"
"778","Ruellia_chartacea"
"779","Handroanthus_chrysanthus"
"780","Melaleuca_citrina"
"781","Corymbia_citriodora"
"782","Euphorbia_cotinifolia"
"783","Casuarina_cristata"
"784","Polyscias_cumingiana"
"785","Triplaris_cumingiana"
"786","Ficus_drupacea"
"787","Garcinia_dulcis"
"788","Spondias_dulcis"
"789","Diospyros_ebenum"
"790","Brya_ebenus"
"791","Caloncoba_echinata"
"792","Funtumia_elastica"
"793","Hibiscus_elatus"
"794","Malpighia_emarginata"
"795","Maesopsis_eminii"
"796","Vernicia_fordii"
"797","Rosenbergiodendron_formosum"
"798","Bauhinia_galpinii"
"799","Pereskia_grandifolia"
"800","Cereus_hildmannianus"
"801","Kleinhovia_hospita"
"802","Pterocarpus_indicus"
"803","Flacourtia_inermis"
"804","Jatropha_integerrima"
"805","Macadamia_integrifolia"
"806","Terminalia_ivorensis"
"807","Gardenia_jasminoides"
"808","Euphorbia_lactea"
"809","Cunninghamia_lanceolata"
"810","Euphorbia_leucocephala"
"811","Ficus_lutea"
"812","Ficus_lyrata"
"813","Carissa_macrocarpa"
"814","Pterocarpus_macrocarpus"
"815","Vangueria_madagascariensis"
"816","Citrus_maxima"
"817","Citrus_medica"
"818","Ochna_mossambicensis"
"819","Bauhinia_multinervia"
"820","Terminalia_myriocarpa"
"821","Vachellia_nilotica"
"822","Inga_nobilis"
"823","Terminalia_oblonga"
"824","Vitex_parviflora"
"825","Bauhinia_pauletia"
"826","Millettia_pinnata"
"827","Erythrina_poeppigiana"
"828","Agathis_robusta"
"829","Lysiloma_sabicu"
"830","Blighia_sapida"
"831","Polyscias_scutellaria"
"832","Triadica_sebifera"
"833","Khaya_senegalensis"
"834","Handroanthus_serratifolius"
"835","Ceiba_speciosa"
"836","Calliandra_surinamensis"
"837","Bauhinia_tomentosa"
"838","Fraxinus_uhdei"
"839","Cochlospermum_vitifolium"
"840","Rauvolfia_vomitoria"
"841","Brachychiton_acerifolius"
"842","Rhododendron_arboreum"
"843","Schotia_brachypetala"
"844","Calodendrum_capense"
"845","Senna_corymbosa"
"846","Metrosideros_excelsa"
"847","Erythrina_falcata"
"848","Hymenosporum_flavum"
"849","Euphorbia_ingens"
"850","Camellia_japonica"
"851","Erythrina_lysistemon"
"852","Clianthus_puniceus"
"853","Salvia_sessei"
"854","Erythrina_speciosa"
"855","Acacia_terminalis"
"856","Tipuana_tipu"
"857","Nicotiana_wigandioides"
"858","Senna_alexandrina"
"859","Conocarpus_lancifolius"
"860","Salvadora_persica"
"861","Solandra_grandiflora"
"862","Prosopis_koelziana"
"863","Juniperus_bermudiana"
"864","Erythrina_caffra"
"865","Harpephyllum_caffrum"
"866","Elaeodendron_croceum"
"867","Diospyros_dichrophylla"
"868","Pittosporum_viridiflorum"
"869","Eugenia_brasiliensis"
"870","Averrhoa_carambola"
"871","Erythrina_fusca"
"872","Hevea_guianensis"
"873","Erythrina_mitis"
"874","Corynanthe_paniculata"
"875","Coffea_stenophylla"
"876","Brunfelsia_uniflora"
"877","Erythrina_velutina"
"878","Tsuga_canadensis"
"879","Picea_engelmannii"
"880","Sorbus_graeca"
"881","Abies_lasiocarpa"
"882","Tsuga_mertensiana"
"883","Populus_simonii"
"884","Salvadora_angustifolia"
"885","Phyllanthus_nummulariifolius"
"886","Phyllanthus_pervilleanus"
"887","Dendrolobium_umbellatum"
"888","Ochna_ciliata"
"889","Litsea_glutinosa"
"890","Memecylon_caeruleum"
"891","Apodytes_dimidiata"
"892","Eucalyptus_staigeriana"
"893","Cordia_alliodora"
"894","Mascarenhasia_arborescens"
"895","Hiptage_benghalensis"
"896","Pentadesma_butyracea"
"897","Mimusops_coriacea"
"898","Clausena_excavata"
"899","Cola_nitida"
"900","Hymenaea_verrucosa"
"901","Ligustrum_robustum"
"902","Piper_auritum"
"903","Pluchea_carolinensis"
"904","Flacourtia_rukam"
"905","Phyllanthus_virgatus"
"906","Alstonia_scholaris"
"907","Senna_sulfurea"
"908","Celtis_caucasica"
"909","Zelkova_carpinifolia"
"910","Quercus_acutissima"
"911","Mahonia_bealei"
"912","Koelreuteria_bipinnata"
"913","Pistacia_chinensis"
"914","Dichrostachys_cinerea"
"915","Ilex_cornuta"
"916","Wedelia_fruticosa"
"917","Deutzia_gracilis"
"918","Manihot_grahamii"
"919","Cleyera_japonica"
"920","Vitex_negundo"
"921","Citrus_trifoliata"
"922","Sesbania_virgata"
"923","Loropetalum_chinense"
"924","Acer_palmatum"
"925","Camellia_sasanqua"
"926","Pinus_virginiana"
"927","Quercus_virginiana"
"928","Acaciella_angustissima"
"929","Tamarix_aralensis"
"930","Tamarix_canariensis"
"931","Fraxinus_dipetala"
"932","Searsia_lancea"
"933","Quercus_suber"
"934","Pistacia_vera"
"935","Melaleuca_viminalis"
"936","Ulmus_americana"
"937","Cupaniopsis_anacardioides"
"938","Prunus_angustifolia"
"939","Melaleuca_armillaris"
"940","Pistacia_atlantica"
"941","Phyllanthus_caroliniensis"
"942","Aristotelia_chilensis"
"943","Eucalyptus_conferruminata"
"944","Acacia_cultriformis"
"945","Koelreuteria_elegans"
"946","Leucaena_esculenta"
"947","Pittosporum_eugenioides"
"948","Rhus_glabra"
"949","Quercus_hemisphaerica"
"950","Solanum_lanceolatum"
"951","Opuntia_leucotricha"
"952","Genista_maderensis"
"953","Juniperus_monosperma"
"954","Prunus_munsoniana"
"955","Cassia_nemophila"
"956","Buddleja_officinalis"
"957","Ficus_palmata"
"958","Lagunaria_patersonia"
"959","Schinus_polygama"
"960","Eucalyptus_pulverulenta"
"961","Acacia_redolens"
"962","Buddleja_saligna"
"963","Celtis_sinensis"
"964","Eucalyptus_torquata"
"965","Wigandia_urens"
"966","Euonymus_hamiltonianus"
"967","Malus_ioensis"
"968","Viburnum_lentago"
"969","Ulmus_rubra"
"970","Phellodendron_amurense"
"971","Rhododendron_calendulaceum"
"972","Rhododendron_catawbiense"
"973","Taxus_cuspidata"
"974","Corylus_heterophylla"
"975","Cornus_kousa"
"976","Ilex_opaca"
"977","Symplocos_paniculata"
"978","Quercus_phellos"
"979","Fraxinus_profunda"
"980","Kalopanax_septemlobus"
"981","Rhamnus_utilis"
"982","Ginkgo_biloba"
"983","Ilex_crenata"
"984","Aesculus_flava"
"985","Aesculus_parviflora"
"986","Malus_spectabilis"
"987","Juniperus_communis"
"988","Tetradium_daniellii"
"989","Quercus_imbricaria"
"990","Styrax_japonicus"
"991","Quercus_macrocarpa"
"992","Rhododendron_maximum"
"993","Cyrilla_racemiflora"
"994","Picea_rubens"
"995","Populus_tremuloides"
"996","Flueggea_acidoton"
"997","Ehretia_acuminata"
"998","Cassia_afrofistula"
"999","Tabernaemontana_alba"
"1000","Santalum_album"
"1001","Brosimum_alicastrum"
"1002","Ficus_altissima"
"1003","Ficus_americana"
"1004","Phyllanthus_angustifolius"
"1005","Harpullia_arborea"
"1006","Enterolobium_contortisiliquum"
"1007","Vachellia_cornigera"
"1008","Ficus_deltoidea"
"1009","Cordia_dichotoma"
"1010","Solanum_donianum"
"1011","Peltophorum_dubium"
"1012","Dalbergia_ecastaphyllum"
"1013","Mimusops_elengi"
"1014","Vitex_glabrata"
"1015","Corchorus_hirsutus"
"1016","Albizia_lebbekoides"
"1017","Dimocarpus_longan"
"1018","Bonellia_macrocarpa"
"1019","Sorindeia_madagascariensis"
"1020","Diospyros_maritima"
"1021","Terminalia_muelleri"
"1022","Casearia_nitida"
"1023","Handroanthus_ochraceus"
"1024","Guaiacum_officinale"
"1025","Cecropia_palmata"
"1026","Glycosmis_parviflora"
"1027","Ixora_pavetta"
"1028","Pittosporum_pentandrum"
"1029","Psychotria_punctata"
"1030","Lonchocarpus_punctatus"
"1031","Fraxinus_quadrangulata"
"1032","Lumnitzera_racemosa"
"1033","Cereus_repandus"
"1034","Radermachera_sinica"
"1035","Vachellia_sphaerocephala"
"1036","Strychnos_spinosa"
"1037","Polyalthia_suberosa"
"1038","Solanum_tampicense"
"1039","Rhodomyrtus_tomentosa"
"1040","Corymbia_torelliana"
"1041","Vachellia_tortuosa"
"1042","Solanum_umbellatum"
"1043","Xylosma_congesta"
"1044","Sesbania_drummondii"
"1045","Prunus_hortulana"
"1046","Vachellia_macracantha"
"1047","Ilex_rotunda"
"1048","Morella_rubra"
"1049","Zelkova_serrata"
"1050","Tamarix_tetragyna"
"1051","Carya_texana"
"1052","Maclura_tricuspidata"
"1053","Brugmansia_versicolor"
"1054","Malus_coronaria"
"1055","Acer_rubrum"
"1056","Artemisia_tridentata"
"1057","Oxydendrum_arboreum"
"1058","Rhamnus_arguta"
"1059","Pinus_pungens"
"1060","Prunus_triloba"
"1061","Acer_pensylvanicum"
"1062","Pinus_resinosa"
"1063","Eucommia_ulmoides"
"1064","Chilopsis_linearis"
"1065","Larix_laricina"
"1066","Cotinus_obovatus"
"1067","Betula_populifolia"
"1068","Pinus_serotina"
"1069","Cnidoscolus_urens"
"1070","Fraxinus_berlandieriana"
"1071","Photinia_glabra"
"1072","Sorbus_alnifolia"
"1073","Cercis_canadensis"
"1074","Cercidiphyllum_japonicum"
"1075","Malus_mandshurica"
"1076","Castanea_pumila"
"1077","Rhododendron_vaseyi"
"1078","Chionanthus_virginicus"
"1079","Ulmus_alata"
"1080","Salix_amygdaloides"
"1081","Frangula_caroliniana"
"1082","Vachellia_constricta"
"1083","Aesculus_glabra"
"1084","Viburnum_rufidulum"
"1085","Zanthoxylum_americanum"
"1086","Pyrus_cordata"
"1087","Quercus_marilandica"
"1088","Phellodendron_chinense"
"1089","Halesia_diptera"
"1090","Eucalyptus_glaucescens"
"1091","Viburnum_prunifolium"
"1092","Maackia_amurensis"
"1093","Osmanthus_heterophyllus"
"1094","Prunus_mume"
"1095","Torreya_taxifolia"
"1096","Carya_ovata"
"1097","Ilex_cassine"
"1098","Quercus_laurifolia"
"1099","Celtis_laevigata"
"1100","Pinus_monophylla"
"1101","Gleditsia_aquatica"
"1102","Metasequoia_glyptostroboides"
"1103","Abies_magnifica"
"1104","Chamaecyparis_obtusa"
"1105","Symplocos_tinctoria"
"1106","Tsuga_caroliniana"
"1107","Betula_papyrifera"
"1108","Aesculus_pavia"
"1109","Quercus_arizonica"
"1110","Erythrina_herbacea"
"1111","Prunus_americana"
"1112","Juglans_californica"
"1113","Juglans_hindsii"
"1114","Acer_circinatum"
"1115","Pieris_japonica"
"1116","Acer_japonicum"
"1117","Quercus_alba"
"1118","Carya_glabra"
"1119","Carya_laciniosa"
"1120","Prosopis_laevigata"
"1121","Schinus_longifolia"
"1122","Quercus_oblongifolia"
"1123","Maytenus_phyllanthoides"
"1124","Laguncularia_racemosa"
"1125","Larix_occidentalis"
"1126","Grewia_biloba"
"1127","Calocedrus_decurrens"
"1128","Viburnum_recognitum"
"1129","Morella_cerifera"
"1130","Acacia_calcicola"
"1131","Eucalyptus_marginata"
"1132","Salix_mucronata"
"1133","Eucalyptus_occidentalis"
"1134","Buddleja_asiatica"
"1135","Parkinsonia_scioana"
"1136","Crataegus_arnoldiana"
"1137","Pinus_bungeana"
"1138","Tilia_dasystyla"
"1139","Betula_ermanii"
"1140","Fontanesia_fortunei"
"1141","Quercus_glauca"
"1142","Cedrus_libani"
"1143","Crataegus_macracantha"
"1144","Crataegus_maximowiczii"
"1145","Buxus_microphylla"
"1146","Crataegus_nigra"
"1147","Abies_numidica"
"1148","Syringa_oblata"
"1149","Picea_obovata"
"1150","Juniperus_seravschanica"
"1151","Quercus_serrata"
"1152","Fraxinus_sogdiana"
"1153","Sorbus_tianschanica"
"1154","Pyrus_ussuriensis"
"1155","Fraxinus_velutina"
"1156","Acer_monspessulanum"
"1157","Persea_indica"
"1158","Clethra_arborea"
